AchievementCode,AchievementName,AchievementDescription,AchievementImage
ACH_FIRST_RUNE,My First Runestone!,Unlock your first Runestone.,https://steamcdn-a.akamaihd.net/steamcommunity/public/images/apps/247000/4b344a49df5cfab08ff4ae70b0a8dc2ee6cb3cf6.jpg
ACH_BEAST_OF_BURDEN,Beasts of Burden,Collect 8 Objects in one game.,https://steamcdn-a.akamaihd.net/steamcommunity/public/images/apps/247000/dde221929a34ce60ec8e1db0d8a9521931507183.jpg
ACH_DICE_WITH_DEATH,Best of Two out of Three,Win a Dice With Death encounter.,https://steamcdn-a.akamaihd.net/steamcommunity/public/images/apps/247000/665347d88cdb270d4e1d640227461a39e36fb8cf.jpg
ACH_ROW_YOUR_BOAT,Row Your Boat,Use a Raft to cross the river.,https://steamcdn-a.akamaihd.net/steamcommunity/public/images/apps/247000/7d5eaef2d822001d21fc1d6a2773853b55da086d.jpg
ACH_ASSASSINATION,Assassination,"As the Assassin, assassinate any creature or character.",https://steamcdn-a.akamaihd.net/steamcommunity/public/images/apps/247000/61ae2985bd9d123a001b3e49b27d0727278e4616.jpg
ACH_PROPHESY,Prophesy,"As the Prophetess, replace any Adventure Card.",https://steamcdn-a.akamaihd.net/steamcommunity/public/images/apps/247000/3c64535cccdf6758195233b4e8d75f6fcd563cba.jpg
ACH_ST_GEORGE,St. George,Kill a Dragon using the Holy Lance.,https://steamcdn-a.akamaihd.net/steamcommunity/public/images/apps/247000/9625ab20b0a7428c9795623477ad9a0adab20d25.jpg
ACH_DUAL_WIELDER,Dual Wielder,"As the Warrior, kill an enemy with two weapons.",https://steamcdn-a.akamaihd.net/steamcommunity/public/images/apps/247000/ba814b0c2540999188764c9ff496efd9d12ba10a.jpg
ACH_FIRST_GOLD_RUNE,They Come in Gold?!,Unlock your first Gold Runestone.,https://steamcdn-a.akamaihd.net/steamcommunity/public/images/apps/247000/04f927deb0892fc3cff1da8014715b43d7ede0a7.jpg
ACH_UNDECIDED,Undecided,"As the Druid, change your alignment.",https://steamcdn-a.akamaihd.net/steamcommunity/public/images/apps/247000/d4ad78145ce174c3e7ba952990125f923ec30996.jpg
ACH_REAP_REAPER_SIX,Reap What You Sow,Roll a 6 when confronted by the Reaper.,https://steamcdn-a.akamaihd.net/steamcommunity/public/images/apps/247000/a1dbb91b865b05572cb1c2b42a4d4651bdc7bedf.jpg
ACH_HLAND_EYRIE,Climb to the Top,Make your way to the Eyrie and defeat the Eagle King.,https://steamcdn-a.akamaihd.net/steamcommunity/public/images/apps/247000/55d7d936492cf78ff90b449d1013c8e3dee0e637.jpg
ACH_DENIED,Denied!,Get yourself killed whilst someone is on the Crown of Command.,https://steamcdn-a.akamaihd.net/steamcommunity/public/images/apps/247000/12edf8297fbf91484bb2931130efcea1612be4c6.jpg
ACH_ROYAL_ENTOURAGE,Royal Entourage,Have the Prince and Princess as followers at the same time.,https://steamcdn-a.akamaihd.net/steamcommunity/public/images/apps/247000/fab0bf094bea49711fd6dc0ac7b090746fe599b0.jpg
ACH_TEMPLE_ESCAPE,Escape Artist,Escape from the Temple on the first try.,https://steamcdn-a.akamaihd.net/steamcommunity/public/images/apps/247000/4d5ccebaeab327e3849a2e21a658eba1d2d9def1.jpg
ACH_ALL_RUNES,The Warlock Would Be Proud,Unlock all Runestones.,https://steamcdn-a.akamaihd.net/steamcommunity/public/images/apps/247000/fa6e12ccfc445b022c17866509a9b2a74a003e7f.jpg
ACH_THIEF,Thief,"As the Thief, steal an Object from the Village.",https://steamcdn-a.akamaihd.net/steamcommunity/public/images/apps/247000/a236e98eae1824ad06bd4fb2e678b2003afa75ff.jpg
ACH_FM_TIME_STEAL,Getting Ahead,Steal another player's turn.,https://steamcdn-a.akamaihd.net/steamcommunity/public/images/apps/247000/94adb00bf5540b078380972821f73d5a1b2b0dab.jpg
ACH_TOUGH,Tough,"As the Troll, heal yourself after rolling a 6 to move.",https://steamcdn-a.akamaihd.net/steamcommunity/public/images/apps/247000/e158d820cff49b4a2af2512856eb7dd7dcb75db5.jpg
ACH_CHALLENGER_APPEARED,A Challenger Has Appeared,Kill a player already on the Crown of Command.,https://steamcdn-a.akamaihd.net/steamcommunity/public/images/apps/247000/a03eced4ecd28afbaaeeb6e4f4faa3dea06e05d6.jpg
ACH_POWERFUL,Powerful,"As the Wizard, raise your total Craft to 10.",https://steamcdn-a.akamaihd.net/steamcommunity/public/images/apps/247000/4661526c61c3c49324c1a58180c30005cc1613ef.jpg
ACH_WINNER,Winner!,Earn the Winner! reward 5 times.,https://steamcdn-a.akamaihd.net/steamcommunity/public/images/apps/247000/15fe24a213ce08ba717b0b75a2dfe0ec6892c797.jpg
ACH_GRACEFUL,Graceful,"As the Elf, move between two Woods spaces.",https://steamcdn-a.akamaihd.net/steamcommunity/public/images/apps/247000/c265720eb63f4dfa76fb6aab6e18437469b1f921.jpg
ACH_IMMORTAL,Immortal,Win a game without losing a life.,https://steamcdn-a.akamaihd.net/steamcommunity/public/images/apps/247000/200b41212e53c32cf98e5e8148fa6be225667782.jpg
ACH_FM_TREASURE,What's in the Box?,Eliminate all other characters with Pandora's Box and win the game.,https://steamcdn-a.akamaihd.net/steamcommunity/public/images/apps/247000/7767e667be4c1b5f8d74723ae95be81b3fb17acc.jpg
ACH_CHARMING,Charming,"As the Minstrel, charm any Animal.",https://steamcdn-a.akamaihd.net/steamcommunity/public/images/apps/247000/2e0c626d19319ddd4e9f3bbef52deeaec2ff2555.jpg
ACH_DUNG_BATTLE_HULK,I'm Not Fighting That!,Evade the Battle Hulk.,https://steamcdn-a.akamaihd.net/steamcommunity/public/images/apps/247000/c07c411969c467470a9887bfa3755eb0c612ea3c.jpg
ACH_UNBELIEVER,Unbeliever,Win a game without using fate.,https://steamcdn-a.akamaihd.net/steamcommunity/public/images/apps/247000/9e8f2a242d430a250843fbc5473cd9bbf380c071.jpg
ACH_PVP_MASTER,PvP Master,Earn the PvP Master reward 5 times.,https://steamcdn-a.akamaihd.net/steamcommunity/public/images/apps/247000/960766ac1dcf6a30fe28c76b8b78033f537642d1.jpg
ACH_UNDEAD,Undead,"As the Ghoul, raise an Enemy as a Follower.",https://steamcdn-a.akamaihd.net/steamcommunity/public/images/apps/247000/81ffc90ba3ddb654c422b7762ffb7744e4c0961a.jpg
ACH_PEACEFUL,Peaceful,"As the Monk, increase your Pray score.",https://steamcdn-a.akamaihd.net/steamcommunity/public/images/apps/247000/c39e192a751c1ae536f9c8345d8ec4baadfa943d.jpg
ACH_BATTLE_TOAD,Battle Toad,Win a Battle as a Toad.,https://steamcdn-a.akamaihd.net/steamcommunity/public/images/apps/247000/6e9eebeac87839e2420eee1215ef300a919f6fc0.jpg
ACH_CITY_PRISON_BREAK,Prison Break,Escape from Jail.,https://steamcdn-a.akamaihd.net/steamcommunity/public/images/apps/247000/d2f1b82f3b03649432fb55e3720ea9edb8ab2cc0.jpg
ACH_HLAND_MAGPIE,Sharp Eyed Friend,Use the Magpie to find an Object quicker than usual.,https://steamcdn-a.akamaihd.net/steamcommunity/public/images/apps/247000/19202782346ff29ca4824e485a052938395eff48.jpg
ACH_TROPHY_MASTER,Trophy Master,Earn the Trophy Master reward 10 times.,https://steamcdn-a.akamaihd.net/steamcommunity/public/images/apps/247000/d8a0381c74b695d6eeff36bc78bf0b5ecc3b3cca.jpg
ACH_HOME,Home,"As the Dwarf, travel to the Mines.",https://steamcdn-a.akamaihd.net/steamcommunity/public/images/apps/247000/dfe9db7f54a64fed0954a0572c33757ea066aab5.jpg
ACH_DUNG_LORD_OF_DARKNESS,Beyond the Looking Glass,Have the Lord of Darkness teleport you straight to the Crown of Command.,https://steamcdn-a.akamaihd.net/steamcommunity/public/images/apps/247000/6d7c101442abcf29c88400d2edbe8eb23dc5fa12.jpg
ACH_LEVEL_TEN,Learning the Ropes,Reach level 10.,https://steamcdn-a.akamaihd.net/steamcommunity/public/images/apps/247000/d2fb5bc2bf5094c261069a2dfc12262ddcb6ec5d.jpg
ACH_DUNG_SWASHBUCKLER,Stand and Deliver,"As the Swashbuckler, defeat a creature in order to take another turn.",https://steamcdn-a.akamaihd.net/steamcommunity/public/images/apps/247000/ea7300f3f9cfcecf60e907c9d57c8c6bef9f113a.jpg
ACH_FM_TRICKSTER,A Helping Sleight of Hand,Defeat the Trickster and have him steal an Object for you.,https://steamcdn-a.akamaihd.net/steamcommunity/public/images/apps/247000/a647475da623b00e303fc53be98c4f3d04dbd7e6.jpg
ACH_MIDAS_TOUCH,The Midas Touch,Alchemise 8 objects in one game.,https://steamcdn-a.akamaihd.net/steamcommunity/public/images/apps/247000/e13e6c7a81e039432cd0ac7c4ba64406e8b14a22.jpg
ACH_HLAND_BOULDER,"Hey, Watch Out!",'Accidentally' cause the Tumbling Boulder to land on another character.,https://steamcdn-a.akamaihd.net/steamcommunity/public/images/apps/247000/e68766026ec1b684e9268e293e0c8ef41b6e53c6.jpg
ACH_PERSUASIVE,Persuasive,"As the Sorceress, beguile another character.",https://steamcdn-a.akamaihd.net/steamcommunity/public/images/apps/247000/70a7159b7b0c5cf1c882319e6dcb90892c80e3bf.jpg
ACH_WLAND_BOUND_FOR_GLORY,Bound for Glory,"In one game be Lightbound, Darkbound, Unbound and Fateless.",https://steamcdn-a.akamaihd.net/steamcommunity/public/images/apps/247000/0f7198347a03109b0595ecea3ad568b1df05a27c.jpg
ACH_PIED_PIPER,Pied Piper,Earn the Pied Piper reward 10 times.,https://steamcdn-a.akamaihd.net/steamcommunity/public/images/apps/247000/0ead9f95f09a2de4bc5d70bed682756e0903118a.jpg
ACH_DUNG_AMAZON,I Meant to Do That,"As the Amazon, redo a battle you would have lost and go on to win.",https://steamcdn-a.akamaihd.net/steamcommunity/public/images/apps/247000/148af813fdb3d25501e25fd5767e7504b4792a76.jpg
ACH_PACK_MARTYR,Divine Fervour,"As the Martyr, win a battle by sacrificing a life.",https://steamcdn-a.akamaihd.net/steamcommunity/public/images/apps/247000/300dbcfc6774c1689d6dc42a34adb1ec15961b8f.jpg
ACH_STOP_IMMOBILISE,I Go Where I Please!,Prevent someone from immobilising you.,https://steamcdn-a.akamaihd.net/steamcommunity/public/images/apps/247000/266d2a45963f2cd19a247c2c0b375a2a923e6f66.jpg
ACH_CITY_JACKPOT,Jackpot!,Win the Lottery.,https://steamcdn-a.akamaihd.net/steamcommunity/public/images/apps/247000/bac3665af15505e898bd0628f4ea0e551710e3f7.jpg
ACH_HLAND_DRAGONS_EYE,Dragon Tamer,Use the Dragon's Eye to capture and use a Dragon in battle.,https://steamcdn-a.akamaihd.net/steamcommunity/public/images/apps/247000/0f1195ac00ab8cb366f97207a0fc48d91ce56aa2.jpg
ACH_SHALL_NOT_CAST,YOU SHALL NOT CAAST!!,Prevent the same person from casting spells 3 times in one game.,https://steamcdn-a.akamaihd.net/steamcommunity/public/images/apps/247000/104ee21a3c0f4b160f845ed166beace6df5ee804.jpg
ACH_BMOON_MEET_MY_MASTER,Meet My Master,Force another character to roll on the Werewolf's chart by beating them in combat.,https://steamcdn-a.akamaihd.net/steamcommunity/public/images/apps/247000/ebd80f3acc69564c1517e9cfa195da03298fa90a.jpg
ACH_BIG_SPENDER,Big Spender,Earn the Big Spender reward 10 times.,https://steamcdn-a.akamaihd.net/steamcommunity/public/images/apps/247000/0dece9e45b53b1aec9795cc7dc178f1efada4018.jpg
ACH_THE_EXORCIST,The Exorcist,Use the Cross to kill a Demon.,https://steamcdn-a.akamaihd.net/steamcommunity/public/images/apps/247000/d107fee14b614fc7128f595abe1bbf4f6df4456f.jpg
ACH_BATTLE_MASTER,Battle Master,Earn the Battle Master reward 20 times.,https://steamcdn-a.akamaihd.net/steamcommunity/public/images/apps/247000/f27edd04d4a1d681e0975b36022b010ab12364d0.jpg
ACH_FIFTY_ONLINE_GAMES,Online Adventurer,Finish 5 online games.,https://steamcdn-a.akamaihd.net/steamcommunity/public/images/apps/247000/23ae88dfa77e98aaf2a872b075d176fa5596e73c.jpg
ACH_STRONGEST,Strongest,Earn the Strongest reward 20 times.,https://steamcdn-a.akamaihd.net/steamcommunity/public/images/apps/247000/086d53bc46bd26a244af582ba586b7719464956d.jpg
ACH_FLANDS_NOBLE_IFRIT,Boss Noble,Defeat one of the Noble Ifrits.,https://steamcdn-a.akamaihd.net/steamcommunity/public/images/apps/247000/6439cde10785eeb1840bd0e022b3027d54617318.jpg
ACH_FM_GIVE_GOLD,This is For You,Give another character some of your Gold.,https://steamcdn-a.akamaihd.net/steamcommunity/public/images/apps/247000/764cac5927789256b6f24d7369b5275c950dcc03.jpg
ACH_FM_ICE_QUEEN,Stay Frosty,Win a game by defeating the Ice Queen.,https://steamcdn-a.akamaihd.net/steamcommunity/public/images/apps/247000/5618c8777cfee9899434c036f143b3cb5297c275.jpg
ACH_REAP_LORD_OF_THE_PIT,A Perilous Journey,Move to the Plain of Peril after defeating the Lord of the Pit.,https://steamcdn-a.akamaihd.net/steamcommunity/public/images/apps/247000/e7b1762d4a08321db6fc37a22b7e8ed58c67c8f6.jpg
ACH_SPIRIT_DESTROYER,Spirit Destroyer,Earn the Spirit Destroyer reward 20 times.,https://steamcdn-a.akamaihd.net/steamcommunity/public/images/apps/247000/32c61c291d31830dd184a2d15d1525a04ed7b1ad.jpg
ACH_MOST_INTELLIGENT,Most Intelligent,Earn the Most Intelligent reward 20 times.,https://steamcdn-a.akamaihd.net/steamcommunity/public/images/apps/247000/9bfcbafe993d7c98ed89d389c6eabfdb2c4fc536.jpg
ACH_REAP_CULTIST,A Tale of Good and Evil (where Evil wins for a change),"As the Dark Cultist, take a life from a character of Good Alignment.",https://steamcdn-a.akamaihd.net/steamcommunity/public/images/apps/247000/7349be1f439cc896b5015132cb404db99101a93e.jpg
ACH_PACK_NINJA,Hidden Fortress,"As the Ninja, defeat an Enemy on the City space.",https://steamcdn-a.akamaihd.net/steamcommunity/public/images/apps/247000/b38bc64d68e42e76d660d7141ce2d60559731594.jpg
ACH_FATE_WEAVER,Fate Weaver,Earn the Fate Weaver reward 5 times.,https://steamcdn-a.akamaihd.net/steamcommunity/public/images/apps/247000/8d09b3241ba36887da00d8c2d11cd6daf1dd95d7.jpg
ACH_FM_WARLOCK,What Else do You Have Back There?,"As the Warlock, take a card from the Purchase deck as a quest reward.",https://steamcdn-a.akamaihd.net/steamcommunity/public/images/apps/247000/f75d65508aec6bad81e58d4a771201358dab757c.jpg
ACH_PACK_COURTESAN,Irresistible,"As the Courtesan, seduce another character.",https://steamcdn-a.akamaihd.net/steamcommunity/public/images/apps/247000/712d17bee43206b36e23655951a16f04229f8d4d.jpg
ACH_STOP_DIVINATION,These Are Not the Cards You Are Looking For...,Prevent someone from casting Divination.,https://steamcdn-a.akamaihd.net/steamcommunity/public/images/apps/247000/468a6ca9ae65cc0bc89868dfbb430a800ad276a5.jpg
ACH_FLANDS_PLACE_IN_FLAMES,Accidental Arsonist,Cause the City or Temple to go up in flames.,https://steamcdn-a.akamaihd.net/steamcommunity/public/images/apps/247000/b997d97f2f3a094ceeb0385c7f03494dab2b2e45.jpg
ACH_HLAND_ALCHEMIST,"Waste Not, Want Not","As the Alchemist, alchemise 20 pieces of Gold.",https://steamcdn-a.akamaihd.net/steamcommunity/public/images/apps/247000/04bf4eb958b7092a81792a75baf5dd86be2c6f4e.jpg
ACH_DUNG_GLADIATOR,Contenders Ready!,"As the Gladiator, use 3 trained Followers in a single battle.",https://steamcdn-a.akamaihd.net/steamcommunity/public/images/apps/247000/2977390ed0dfacc0666fe56708dbb586815a7d30.jpg
ACH_FLANDS_BURN_OTHER_PLAYERS_CARD,Twisted Firestarter,Use a card effect to burn another player's Card.,https://steamcdn-a.akamaihd.net/steamcommunity/public/images/apps/247000/30d3cbd7d7505386fc91efe6deac4eccaab3cbf6.jpg
ACH_CITY_DAMAGED_GOODS,Damaged Goods,Repair a broken sword or armour at the Armoury.,https://steamcdn-a.akamaihd.net/steamcommunity/public/images/apps/247000/37ba7f1dde796c3381568bbec6fc75b912cc8607.jpg
ACH_HLAND_VALKYRIE,Keeping One's Intentions in the Dark,"As the Valkyrie, pray at the Graveyard with Good Alignment.",https://steamcdn-a.akamaihd.net/steamcommunity/public/images/apps/247000/df352c9b53485d311ad8b54ed880b91feb0cf4ad.jpg
ACH_HARB_BEAST,Feed the Beast,Placate the Scavenging Beasts by relinquishing a trophy to them.,https://steamcdn-a.akamaihd.net/steamcommunity/public/images/apps/247000/2710798d4b37a6166da45d4552141b9ea6de8347.jpg
ACH_FM_NECROMANCER,Enthralling,"As the Necromancer, use an enthralled Spirit in psychic combat.",https://steamcdn-a.akamaihd.net/steamcommunity/public/images/apps/247000/1bc115e571c8e25e26e208d84d8ff108fa4925fc.jpg
ACH_WLAND_MEETING_WITH_DESTINY,Destiny awaits,Gain a Destiny Card whilst at the Meeting with Destiny space.,https://steamcdn-a.akamaihd.net/steamcommunity/public/images/apps/247000/3573749e3ade709b7c8d4cf4e4b5683b82ae81f5.jpg
ACH_DRAGON_SLEEPING_DRAGON_TROPHY,Tread Softly and Carry a Sword,Take a sleeping dragon as a trophy.,https://steamcdn-a.akamaihd.net/steamcommunity/public/images/apps/247000/34a14cb87df6ae2d99d115e827e15e5b57066622.jpg
ACH_PACK_APPRENTICE_MAGE,The Student Becomes the Master,"As the Apprentice Mage, raise your total Craft to 7 or more.",https://steamcdn-a.akamaihd.net/steamcommunity/public/images/apps/247000/c3898bc9cf444f1912404d5033641e2674e8acd2.jpg
ACH_GHOSTBUSTER,Spirit Slayer,"As the Priest, destroy a Ghost.",https://steamcdn-a.akamaihd.net/steamcommunity/public/images/apps/247000/8cfb62f36f2f84893240f85463bad6ccd979ae29.jpg
ACH_DEEP_SPLAT_RAT,Splat a Rat,Defeat an enemy with Rat in its name in the Rat Queen’s Lair.,https://steamcdn-a.akamaihd.net/steamcommunity/public/images/apps/247000/983275fbf5599e6863e479507381a4d1a8523b24.jpg
ACH_CITY_KITTED_OUT,Kitted Out,Have the Flail and Full Plate.,https://steamcdn-a.akamaihd.net/steamcommunity/public/images/apps/247000/41b426fd6880b412fc4c691a87d44837540734f2.jpg
ACH_REAP_REAPER,Don't Fear the Reaper,Kill 5 characters with the assistance of the Reaper.,https://steamcdn-a.akamaihd.net/steamcommunity/public/images/apps/247000/dd918934d271c5ed1f8f5aaf6c09a7e4fd9cda6c.jpg
ACH_REVENGE,Revenge!,Earn the Revenge! reward 10 times.,https://steamcdn-a.akamaihd.net/steamcommunity/public/images/apps/247000/e28c99d9659796b43b86888668dcafc6a1a6e4c4.jpg
ACH_BMOON_WOLF_AMONG_US,Wolf Among Us,Encounter Growing Suspicions with a lycanthrope in the game.,https://steamcdn-a.akamaihd.net/steamcommunity/public/images/apps/247000/2caed005e814b69390f28b274532349e7ea42cbe.jpg
ACH_DUNG_PHILOSOPHER,Existentialism,"As the Philosopher, replace 5 cards from the board.",https://steamcdn-a.akamaihd.net/steamcommunity/public/images/apps/247000/981896f1901fdb0eb1585e00cb13619fb439bbff.jpg
ACH_LEVEL_TWENTY,Taking the Reins,Reach level 20.,https://steamcdn-a.akamaihd.net/steamcommunity/public/images/apps/247000/8f5a452b3234e8161cebe19995b5d36f14b4e11c.jpg
ACH_FM_QUEST_ENDING,I Have Done as You Asked,Win a game with the Warlock Quests ending.,https://steamcdn-a.akamaihd.net/steamcommunity/public/images/apps/247000/6ae49c41fc0fce9e046fd36736905b78c500c991.jpg
ACH_SPELL_MASTER,Spell Master,Earn the Spell Master reward 10 times.,https://steamcdn-a.akamaihd.net/steamcommunity/public/images/apps/247000/e1d8dc78e96d54ee7b704632eea846071c3b1765.jpg
ACH_PACK_SHAPE_SHIFTER,The Imposter,"As the Shape Shifter, take the shape of another character.",https://steamcdn-a.akamaihd.net/steamcommunity/public/images/apps/247000/6302da14e537e4e27460f61c3297fbc6abc77d8f.jpg
ACH_DUNG_GYPSY,Foresight Beats Hindsight,"As the Gypsy, use your power of foretelling to avoid 10 Events.",https://steamcdn-a.akamaihd.net/steamcommunity/public/images/apps/247000/8629bb6bd6da37c127221b2d28c28c6946f6bafc.jpg
ACH_WLAND_SURVIVE_TRANSFORMED,Out of Body Experience,Survive the effect of the Transformed and return to your original character.,https://steamcdn-a.akamaihd.net/steamcommunity/public/images/apps/247000/ccd5820dae0a56b31585b9f32baec80633d79bcc.jpg
ACH_DRAGON_MARTIAL_ARTIST_TRADE,Dancing Dragon,Give your scales to the Martial Artist in exchange for some training.,https://steamcdn-a.akamaihd.net/steamcommunity/public/images/apps/247000/62ca6b5fb3b04d85e0178bb368c9750779435f7e.jpg
ACH_CITY_ELEMENTALIST,Controlling the Elements,"As the Elementalist, automatically defeat an enemy Elemental.",https://steamcdn-a.akamaihd.net/steamcommunity/public/images/apps/247000/a51986d8c06ac23b067272a15b0f6e882a52e277.jpg
ACH_PACK_GAMBLER,Borrowed Luck,"As the Gambler, tempt fate with another character and win.",https://steamcdn-a.akamaihd.net/steamcommunity/public/images/apps/247000/f253e902e517cc2d303a098ad0d016fd1f19591e.jpg
ACH_REAP_MERCHANT,Gift of the Silver Tongue,"As the Merchant, swap an Object for a Magic Object.",https://steamcdn-a.akamaihd.net/steamcommunity/public/images/apps/247000/a783fa3329dee836f90445f563ee4248e2276f60.jpg
ACH_HARB_STONES_OF_TIME,Is it future or is it past?,Use the stones of time to change the Omen.,https://steamcdn-a.akamaihd.net/steamcommunity/public/images/apps/247000/1f60e0f999d13fe2ba043453181cf5f1c01583cb.jpg
ACH_SPOOL_YOU_SHOULDNT_HAVE,"Aww, You Shouldn't Have...",Receive 5 or more gold from Generosity.,https://steamcdn-a.akamaihd.net/steamcommunity/public/images/apps/247000/e68f72980fea4b0f5a5716c28d85ef50db2bdc23.jpg
ACH_CITY_HIRED_HITMAN,Hired Hitman,Pay the Assassin to take all of a character’s lives.,https://steamcdn-a.akamaihd.net/steamcommunity/public/images/apps/247000/28e04ae5685d305c428affc9d9bd477d0c9dca61.jpg
ACH_QUICK_WIN,No Contest,Win the game within the first 10 rounds.,https://steamcdn-a.akamaihd.net/steamcommunity/public/images/apps/247000/bf6dbf7556fa5929a1205df280539c682fa569d7.jpg
ACH_PACK_EXORCIST,Exorcising Caution,"As the Exorcist, destroy an unusable Object in order to gain a Spell.",https://steamcdn-a.akamaihd.net/steamcommunity/public/images/apps/247000/c8bc78de93147bc34fc071b71e386d09b0cd7b40.jpg
ACH_FM_LEPRECHAUN,Breaking the Bank,"As the Leprechaun, stockpile more than 30 Gold.",https://steamcdn-a.akamaihd.net/steamcommunity/public/images/apps/247000/eaba89ab9d4464fe4b3d5e4a300b5db9f20c41d9.jpg
ACH_POLTERGEIST_EXORCIST,Poltergeist Exorcist,Earn the Poltergeist Exorcist reward 10 times.,https://steamcdn-a.akamaihd.net/steamcommunity/public/images/apps/247000/41a47baebdd08bb85697b34f0099fd7016e928b3.jpg
ACH_DEEP_SPIRIT_BEGONE,Spirit Begone!,Defeat a Spirit enemy in the Wraith Lord’s Domain.,https://steamcdn-a.akamaihd.net/steamcommunity/public/images/apps/247000/f0ba86b6207384c4c2d2bcdb3bd2c6ef5b4ec79c.jpg
ACH_PACK_DEVILS_MINION,Rightful Heir,"As the Devil's Minion, acquire the Runesword.",https://steamcdn-a.akamaihd.net/steamcommunity/public/images/apps/247000/402784572ce5d31acbbcbf4b372d24924f441c6f.jpg
ACH_HLAND_HAND_OF_DOOM,The Cursed Hand of Doom,Cause all players to lose the game.,https://steamcdn-a.akamaihd.net/steamcommunity/public/images/apps/247000/68de6f2627da7de2f4c3b7a4f355c5f9206c9a79.jpg
ACH_TRAVERSE_VOID,Traversing the Void,Teleport 3 times in 1 turn.,https://steamcdn-a.akamaihd.net/steamcommunity/public/images/apps/247000/21e4b22f2c750524ec22165c541b636538bc3a81.jpg
ACH_FLANDS_DERVISH,Whirling Dervish,"As the Dervish, move 5 or more spaces after defeating an enemy.",https://steamcdn-a.akamaihd.net/steamcommunity/public/images/apps/247000/d854faaac3fb37d24e359adb58b07a466af3d91f.jpg
ACH_BMOON_GRAVE_ROBBER,One Man's Trash...,"As the Grave Robber, draw an object from the top of the discard pile.",https://steamcdn-a.akamaihd.net/steamcommunity/public/images/apps/247000/efd8bd8669bfdb98b8fd73e19ab32bc377f7c2e5.jpg
ACH_HLAND_VAMPIRESS,Savings Snatcher,"As the Rogue, take all the Gold from a character that currently has 5 or more.",https://steamcdn-a.akamaihd.net/steamcommunity/public/images/apps/247000/82e346bea4d16ba54a8d60e64c111bde8e07a0e5.jpg
ACH_HLAND_ROGUE,Sharing is Caring,"As the Vampiress, relinquish one or more of your followers to the Vampire at the Vampires Tower.",https://steamcdn-a.akamaihd.net/steamcommunity/public/images/apps/247000/b7e892a52fd81044ac34eebcf717228e0311a634.jpg
ACH_HAG_DELIVERER,Hag Deliverer,Earn the Hag Deliverer reward 10 times.,https://steamcdn-a.akamaihd.net/steamcommunity/public/images/apps/247000/3980edcab620e9108e5ca8207e6cc701820445c2.jpg
ACH_DRAGON_TWO_HEADED_DRAGON,Still Only Counts as One,Defeat the Two Headed Dragon.,https://steamcdn-a.akamaihd.net/steamcommunity/public/images/apps/247000/c0ea63c6404db1bae031255760909d6b021816ac.jpg
ACH_SPOOL_CHIVALRIC_KNIGHT,The Bigger Man,"As the Chivalric Knight, assist a character with more strength than you in a battle.",https://steamcdn-a.akamaihd.net/steamcommunity/public/images/apps/247000/4cc62b00fac07c9e7e58490cfa73b9120ce50256.jpg
ACH_REAP_KNIGHT,A Knight's Tale,"As the Knight, slay the Miser Dragon.",https://steamcdn-a.akamaihd.net/steamcommunity/public/images/apps/247000/18d523c0b4e8ba06a0b90032d38058a8ce71a647.jpg
ACH_DRAGON_DEADLY_RIVALS,Sibling Rivalry,Make two Dragons from the same Dragon deck fight to the death.,https://steamcdn-a.akamaihd.net/steamcommunity/public/images/apps/247000/064b2823b938cff0d5d70798c69ea282b598a976.jpg
ACH_FLANDS_NO_DAMAGE_FIRE_TOKEN,Ifrit Born,Take no damage when ending your turn on a space with Fireland tokens.,https://steamcdn-a.akamaihd.net/steamcommunity/public/images/apps/247000/812e2501aed1508cbdb854f4ce403b79f284caa4.jpg
ACH_BMOON_DOOMSAYER,Not All Doom and Gloom,"As the Doomsayer, in one turn, replenish one fate and gain one spell as a result of any player drawing cards.",https://steamcdn-a.akamaihd.net/steamcommunity/public/images/apps/247000/b1e9ac76b09deed2b260202812fda3102c70a94f.jpg
ACH_PACK_BLACK_WITCH,Spell Resistant,"As the Black Witch, successfully resist 3 Spells in a single game.",https://steamcdn-a.akamaihd.net/steamcommunity/public/images/apps/247000/1c505d955b6a0e353df96ef19516ed62c5f830ad.jpg
ACH_FM_OGRE_CHIEFTAIN,Like a Boss,"As the Ogre Chieftain, send a dominated Ogre into battle.",https://steamcdn-a.akamaihd.net/steamcommunity/public/images/apps/247000/81ff4348fa5df8998a4be4b4ee87ba26502d272a.jpg
ACH_REAP_SAGE,Into the Unknown,"As the Sage, win the game without ever consulting the decks.",https://steamcdn-a.akamaihd.net/steamcommunity/public/images/apps/247000/316c1a2504d076661127be88099e63d5a260fc25.jpg
ACH_TOUCH_OF_DEATH,Touch of Death,Take the last life of every player in a 6 player game (in combat).,https://steamcdn-a.akamaihd.net/steamcommunity/public/images/apps/247000/e5ae48e506f3939597b00a224a2ea544bc2f9101.jpg
ACH_DEEP_SPHINX,King of Thebes,Solve the Sphinx of Khayu’s riddle.,https://steamcdn-a.akamaihd.net/steamcommunity/public/images/apps/247000/3d1c2f18f14f49ff951408070c7e2371611e4049.jpg
ACH_DEEP_THRONE_ROOM,Spectral Stash,Take a Treasure card from the Throne Room after defeating the Wraith Lord.,https://steamcdn-a.akamaihd.net/steamcommunity/public/images/apps/247000/89945e6fbde90ac940a82e6e1eb429c76cbef4bf.jpg
ACH_HARB_RISE_OF_THE_DEAD,Gentle Graves,Win the game before the Dead Rise.,https://steamcdn-a.akamaihd.net/steamcommunity/public/images/apps/247000/421e221ff37c28f6118420dae832bc962decce9b.jpg
ACH_CITY_MASTER_THIEF,Master Thief,Win the game with the Thieves' Guild ending.,https://steamcdn-a.akamaihd.net/steamcommunity/public/images/apps/247000/966da84bcf3ffb9cc48e3ff22f92383599802712.jpg
ACH_FM_HYDRA,"Come One, Come All",Use the Hydra Spell to cause a Spell to affect all 6 characters.,https://steamcdn-a.akamaihd.net/steamcommunity/public/images/apps/247000/e68c84c0ae8e510e5efc9afb59ef5a7787163fd9.jpg
ACH_HARB_ARMAGEDDON_OMEN,Reckoning Reconvened,Win the game before the Armageddon.,https://steamcdn-a.akamaihd.net/steamcommunity/public/images/apps/247000/6ab1e31c3157bd87d0846f51a7ec8746b79b3e33.jpg
ACH_HARB_STARS_ALIGN,Misinformed Mystics,Win the game before the Stars Align.,https://steamcdn-a.akamaihd.net/steamcommunity/public/images/apps/247000/c6f931c63529bacde0b457e16bc6ccad108c2bf9.jpg
ACH_DRAGON_CONJURER,Conjurfield,"As the Conjurer, move a place using your ability.",https://steamcdn-a.akamaihd.net/steamcommunity/public/images/apps/247000/87ab816264240dce8a38a665a62ec9fad8c65218.jpg
ACH_CITY_CAT_BURGLAR,The Heist,"As the Cat Burglar, Burgle the most expensive item from a shop.",https://steamcdn-a.akamaihd.net/steamcommunity/public/images/apps/247000/f1227d8a9f22e4be1db594074b50288d896c289f.jpg
ACH_PACK_PIRATE,Pedlar Peddler,"As the Pirate, sell the Pedlar on the black market.",https://steamcdn-a.akamaihd.net/steamcommunity/public/images/apps/247000/767188002ebbead51dc58a03cacb2d9237060ec7.jpg
ACH_HARB_SHATTERED_WORLD,Planetary Annihilation Averted,Win the game before the World Shatters.,https://steamcdn-a.akamaihd.net/steamcommunity/public/images/apps/247000/885483107b6bed3c0a1338c84c508197fcfaf787.jpg
ACH_PACK_MARTIAL_ARTIST,Master of the Fist,"As the Martial Artist, hit someone with a crippling blow when unarmed.",https://steamcdn-a.akamaihd.net/steamcommunity/public/images/apps/247000/7eedd4794def6dca1ddec9b248c836f198158752.jpg
ACH_FLANDS_REMOVE_TOKEN_AND_TERRAIN,Restore the World,Use Restore the World to remove a Terrain card and a Fireland token from a space.,https://steamcdn-a.akamaihd.net/steamcommunity/public/images/apps/247000/536272dec585cb6bae2ff875bb70128ac6a3d21b.jpg
ACH_FLANDS_OLD_MAN_OF_THE_SEA,Old Drunk of the Sea,Part ways with the Old Man of the Sea at the Tavern.,https://steamcdn-a.akamaihd.net/steamcommunity/public/images/apps/247000/3feae804774b806022bf9d76a2649ad1441eb3d0.jpg
ACH_NETHER_PANDORAS_BOX_WIN,What's in the Box?,Eliminate all other characters with Pandora's Box and win the game.,https://steamcdn-a.akamaihd.net/steamcommunity/public/images/apps/247000/7767e667be4c1b5f8d74723ae95be81b3fb17acc.jpg
ACH_SPOOL_DEMON_LORD,Demon Vanquisher,Kill the Demon Lord.,https://steamcdn-a.akamaihd.net/steamcommunity/public/images/apps/247000/b56bbad9d96fc17e5efbeb6f4f88b7012e1addfe.jpg
ACH_HLAND_SPRITE,Kindred Spirits,"As the Sprite, have the Pixie and encounter a Fairy.",https://steamcdn-a.akamaihd.net/steamcommunity/public/images/apps/247000/e66fcde818163ffc51967c6c84a9bc503e037b87.jpg
ACH_HLAND_HIGHLANDER,There Can be Only One,"As the Highlander, kill another Highlander character.",https://steamcdn-a.akamaihd.net/steamcommunity/public/images/apps/247000/8882a37f945f4f68e28181052622bcacdb4f3ef1.jpg
ACH_DUNG_HAG_KEEPER,Keeper of the Hag,Trick the Dungeon Keeper into taking your Hag.,https://steamcdn-a.akamaihd.net/steamcommunity/public/images/apps/247000/df85457816fd7f41a20f694f0e7146942df0b06e.jpg
ACH_DRAGON_LUCK_DRAGON,Into the Nothing,Consume the Luck Dragon.,https://steamcdn-a.akamaihd.net/steamcommunity/public/images/apps/247000/25bdd5f7cdc41aff897f7541560ababf4cad89a3.jpg
ACH_DRAGON_CONFRONT_DRAGON_KING,A Heated Exchange,Defeat the Dragon King in combat.,https://steamcdn-a.akamaihd.net/steamcommunity/public/images/apps/247000/b2c120ea89564516ce40016f4c6c61af476235a2.jpg
ACH_FLANDS_WARLORD,Imperial Insurgent,"As the Warlord, conscript another character's follower.",https://steamcdn-a.akamaihd.net/steamcommunity/public/images/apps/247000/c2d16b99c81abe0a0cf6e95deec0822d2371c9b7.jpg
ACH_BMOON_LYCANTHROPISH,Lycanthropish,Remove your lycanthropy status using Wolfsbane.,https://steamcdn-a.akamaihd.net/steamcommunity/public/images/apps/247000/85dfb91786b55de908fa125e0c6737ed6ff31861.jpg
ACH_NETHER_POLYMORPH,What Was That Thing?,Defeat a Polymorph or Changeling.,https://steamcdn-a.akamaihd.net/steamcommunity/public/images/apps/247000/84150c67612bc1d73052374eda652670441de525.jpg
ACH_CITY_TORTOISE_AND_HARE,Tortoise and Hare,Have Terrance and Hopper.,https://steamcdn-a.akamaihd.net/steamcommunity/public/images/apps/247000/3ddb4cfbc11b8d73b4498abbf3679304eb217779.jpg
ACH_CITY_ITS_A_LIVING,It's a Living,Claim 15 gold in bounties in a single game.,https://steamcdn-a.akamaihd.net/steamcommunity/public/images/apps/247000/3edfd3a5bdea5b7ab0a9613b80d385cf8a67eab6.jpg
ACH_PACK_GENIE,No Genie Left Behind,"As the Genie, rescue the Genie (Follower) from another character after defeating them.",https://steamcdn-a.akamaihd.net/steamcommunity/public/images/apps/247000/3b0bc8dae897ff389895cb87061a9159a78b888b.jpg
ACH_WLAND_TOAD_KING,In the Court of the Toadstool King,Encounter the Toad King whilst you are a Toad.,https://steamcdn-a.akamaihd.net/steamcommunity/public/images/apps/247000/eef6159172acc7939d233daf76b35d425f5ecbf6.jpg
ACH_HARB_ASCENDANT_DIVINE,Running on Empty,"As the Ascendant Divine, exhaust all of your Divine Gifts.",https://steamcdn-a.akamaihd.net/steamcommunity/public/images/apps/247000/d4412ca1977a75aa9f27bdb0bc300644c9258b1f.jpg
ACH_DRAGON_CHALLENGE_CROWN_FINISH,Whose Idea Was This Anyway!,Finish the game with the Challenge for the Crown alternate ending.,https://steamcdn-a.akamaihd.net/steamcommunity/public/images/apps/247000/2899ded7a599b14d83beb86ad0dbdf7308c66874.jpg
ACH_FLANDS_JIN_BLOODED,Rebound,"As the Jin Blooded, bind a Spell and use it against the original caster.",https://steamcdn-a.akamaihd.net/steamcommunity/public/images/apps/247000/33e41ca434dcd8f27f7fe566d66066c7cacd1d6c.jpg
ACH_BMOON_LIGHTBEARERS,Light Bearers,Win the game with the Lightbearers ending.,https://steamcdn-a.akamaihd.net/steamcommunity/public/images/apps/247000/1b0aa255e23fd8be26378efc6bca1bf101886891.jpg
ACH_SPOOL_MAGUS,The Unsullied,"As the Magus, use 3 indoctrinated followers in a single psychic combat.",https://steamcdn-a.akamaihd.net/steamcommunity/public/images/apps/247000/5cd21db5d846e9c4c4dc71a47c9b0e6de7b599c6.jpg
ACH_CITY_FILTHY_RICH,Filthy Rich,Win the game with the Merchants' Guild ending.,https://steamcdn-a.akamaihd.net/steamcommunity/public/images/apps/247000/819532c51df0f7fec419d8465b007bdc0ac5e11c.jpg
ACH_CITY_MASTER_ASSASSIN,Master Assassin,Win the game with the Assassins' Guild ending.,https://steamcdn-a.akamaihd.net/steamcommunity/public/images/apps/247000/a9064183a9ac591557ea4711c5e6488dfd8c52bd.jpg
ACH_CATA_MUTANT,Creature of Theseus,"As the Mutant, successfully mutate 3 turns in a row.",https://steamcdn-a.akamaihd.net/steamcommunity/public/images/apps/247000/0e4a05d0d15f1a3c847e2dd631f02e4bf24b22af.jpg
ACH_CATA_BARBARIAN,Might over Magic,"As the Barbarian, successfully protect yourself from psychic combat.",https://steamcdn-a.akamaihd.net/steamcommunity/public/images/apps/247000/7d1744ef61e9ae65ae0f6b98e269bd06cb4e3c05.jpg
ACH_WLAND_RIDDLE_STONE,Baffling Basalt,Gain 3 or more Spells from the Riddle Stone.,https://steamcdn-a.akamaihd.net/steamcommunity/public/images/apps/247000/69a158745daa3231f3276e837005a18025407c5d.jpg
ACH_DEEP_KILL_BOSSES,Royalty in Ruins,Defeat the Rat Queen and Wraith Lord in the same game.,https://steamcdn-a.akamaihd.net/steamcommunity/public/images/apps/247000/5eedbccbfbdf5ebf9f8a2dc1bc030a2c24bf09a6.jpg
ACH_HARB_SKELETON_KING,You and whose army?,Defeat the Skeleton King with 3 or more trophies.,https://steamcdn-a.akamaihd.net/steamcommunity/public/images/apps/247000/ce9242b26c1043fa6f0618216116c02dd0031c9d.jpg
ACH_PACK_JESTER,Confusion-Fu,"As the Jester, successfully confuse a creature with Strength or Craft 7 or more.",https://steamcdn-a.akamaihd.net/steamcommunity/public/images/apps/247000/92f01a2f96740a555c5f93c88c69c3aa4effa193.jpg
ACH_FLANDS_HERO_RISES,Predestined,Win the game with A Hero Rises ending.,https://steamcdn-a.akamaihd.net/steamcommunity/public/images/apps/247000/8823807cfa7aacb6aa83c7e1db3dd012f0717729.jpg
ACH_FLANDS_CROWN_OF_FLAME,Hot Potato,Pass on the Crown of Flame to another character.,https://steamcdn-a.akamaihd.net/steamcommunity/public/images/apps/247000/0e7fc5febd4238672d9f3f67787e68d8007e31f7.jpg
ACH_BMOON_HORRIBLE_BLACK_VOID,Into the Void,Meet with a terrible fate.,https://steamcdn-a.akamaihd.net/steamcommunity/public/images/apps/247000/a4481e341a8f965af5aa4f258d7a489b56ae4e73.jpg
ACH_NETHER_HUNT,The Nether Hunter,Win the game with The Hunt ending.,https://steamcdn-a.akamaihd.net/steamcommunity/public/images/apps/247000/37ee9185b56f57b5be6633a20e296219787363c1.jpg
ACH_NETHER_GAUNTLET,Braving the Gauntlet,Successfully navigate the Gauntlet.,https://steamcdn-a.akamaihd.net/steamcommunity/public/images/apps/247000/3c788f4467fc4f3f79b62afc0661cf4a08531477.jpg
ACH_SPOOL_SACRED_POOL_ENDING,A Dip in the Pool,Win the game with the Sacred Pool ending.,https://steamcdn-a.akamaihd.net/steamcommunity/public/images/apps/247000/e1e52ee26ed65148c76182de8fbdb00ca1e99ea1.jpg
ACH_SPOOL_JUDGED_WORTHY,Judged Worthy,Encounter Judgement Day and win the game through being judged worthy.,https://steamcdn-a.akamaihd.net/steamcommunity/public/images/apps/247000/8746e2f5248a2c7b16e48b1416f71685cd990d52.jpg
ACH_SPOOL_SHARED_GLORY,Shared Glory,"With the Judgement Day ending, have two or more players win the game.",https://steamcdn-a.akamaihd.net/steamcommunity/public/images/apps/247000/be5d7decb8049dad40dcf2b2d98f5575c2c03ec7.jpg
ACH_CITY_TINKERER,I Know What Makes Him Tick,"As the Tinkerer, defeat a Construct and take it as a trophy.",https://steamcdn-a.akamaihd.net/steamcommunity/public/images/apps/247000/5533100bfe2d7acc83404e2839626c5e7f5715cd.jpg
ACH_CITY_TAVERN_MAID,This Round’s on Me,"As the Tavern Maid, pour a drink to more than one character on the same space.",https://steamcdn-a.akamaihd.net/steamcommunity/public/images/apps/247000/f2e404c25564ddcbe6ddd7ada647624f2669c650.jpg
ACH_WLAND_ANCIENT_OAK,Max Gains,"As the Ancient Oak, have 5 Growth tokens on your character card.",https://steamcdn-a.akamaihd.net/steamcommunity/public/images/apps/247000/d1d9d5672536526152b2e016462271757e705790.jpg
ACH_DRAGON_CHALLENGE_CROWN_FIRST,In Another Tower,"When playing with the Challenge for the Crown ending, be the first to step foot in the Dragon Tower after reaching the Crown of Command.",https://steamcdn-a.akamaihd.net/steamcommunity/public/images/apps/247000/a2daa8c09438c61e83aa5a8bc90233b8a426b289.jpg
ACH_DRAGON_DRAGON_KING,Kingslayer,"When playing with the Dragon King ending, remove the last life off the Dragon King.",https://steamcdn-a.akamaihd.net/steamcommunity/public/images/apps/247000/7af3d12c731d45437d54aa877b121fda92cc48f7.jpg
ACH_FLANDS_SPREADING_FLAME,Firewalker,Win the game with the Spreading Flames ending.,https://steamcdn-a.akamaihd.net/steamcommunity/public/images/apps/247000/3de2ab6c183790f44c64726a5c285e680559b20f.jpg
ACH_BMOON_SILVER_BULLET,Silver Bullet,Win the game by defeating the Blood Moon Werewolf.,https://steamcdn-a.akamaihd.net/steamcommunity/public/images/apps/247000/9f91a4b5d891dd76405a5be8b1266d427655b888.jpg
ACH_BMOON_CHARITY,Charity,Give all your gold to one of your allies.,https://steamcdn-a.akamaihd.net/steamcommunity/public/images/apps/247000/087e46ff038f69db14920dc4f7ffeb7f83302c17.jpg
ACH_CATA_ETERNAL_CROWN,Unlimited Power,"Using the Eternal Crown ending, win the game whilst stood on the the Crown of Command.",https://steamcdn-a.akamaihd.net/steamcommunity/public/images/apps/247000/5e456d93551ade811996a5716e24bb153fbc04d2.jpg
ACH_WLAND_WAR_OF_SEASONS,Sprint Finish,Win the game with the War of Seasons ending in play by being the first to defeat Oberon or Titania.,https://steamcdn-a.akamaihd.net/steamcommunity/public/images/apps/247000/6749c1ceaf5c55cbd74c3498b03702206c5ebb04.jpg
ACH_DRAGON_DRAGON_SLAYERS,Gone Slaying,"When playing with the Dragon Slayers ending, take 5 or more scales from Draconic Lords.",https://steamcdn-a.akamaihd.net/steamcommunity/public/images/apps/247000/093b3092c6dabd3afb492c3306df511f1d30bec7.jpg
ACH_DRAGON_FIRE_WIZARD,Mine is Bigger,"As the Fire Wizard, destroy a Dragon that has a breath attack with your fireblast.",https://steamcdn-a.akamaihd.net/steamcommunity/public/images/apps/247000/8fccd1a3ae6fa537d9beeffcba3ce161e4d769b7.jpg
ACH_PACK_SARACEN,New Recruit,"As the Saracen, recruit a follower.",https://steamcdn-a.akamaihd.net/steamcommunity/public/images/apps/247000/65c48268419323aae03fcd02268a2ee5ae9e7a45.jpg
ACH_PACK_SHAMAN,Transformer,"As the Shaman, take all 3 animal forms in a single game.",https://steamcdn-a.akamaihd.net/steamcommunity/public/images/apps/247000/e8288b80b8bfc2ab4a63c8c3533f59c1e0d01ba2.jpg
ACH_PACK_ILLUSIONIST,Wish Stealer,"As the Illusionist, get a wish from a stranger by successfully obscuring your alignment.",https://steamcdn-a.akamaihd.net/steamcommunity/public/images/apps/247000/e85951c4f4738dc887009108c72f67db50310a19.jpg
ACH_BMOON_THE_PACK,The Pack,Win the game as a lycanthrope with the Blood Moon Werewolf ending.,https://steamcdn-a.akamaihd.net/steamcommunity/public/images/apps/247000/eb6e41ea85788d26293982340f243a0fc21a263c.jpg
ACH_BMOON_VAMPIRE_HUNTER,Mr Pointy,"As the Vampire Hunter, find the Wooden Stake.",https://steamcdn-a.akamaihd.net/steamcommunity/public/images/apps/247000/ca4da92ea73ba36df969bc98347f25f00bc3fd12.jpg
ACH_NETHER_PANDORAS_BOX_SURVIVE,Elpis,Survive the contents of Pandora's Box and win the game.,https://steamcdn-a.akamaihd.net/steamcommunity/public/images/apps/247000/0f8acff28b70a5ea1047d54d7636a5d452884300.jpg
ACH_SPOOL_HOLY_PROFANE_RELICS,Chaotic Neutral,Have both the Profane and Holy Relics,https://steamcdn-a.akamaihd.net/steamcommunity/public/images/apps/247000/99c0c9d7bbff2cad4f632ffc4facbb019b9f1348.jpg
ACH_SPOOL_WRATHBORN_WAND_CULTIST,Fighting Wrath with Wrath,Use a Wrathborn Wand to defeat a Wrathborn Cultist.,https://steamcdn-a.akamaihd.net/steamcommunity/public/images/apps/247000/5d171b8f74c1ced1e5759e1650d2c46037cd3f2a.jpg
ACH_SPOOL_CLERIC,Don't You Die on Me!,"As the Cleric, save a follower from death.",https://steamcdn-a.akamaihd.net/steamcommunity/public/images/apps/247000/0fc113ec1876c7714f6c9c2bfc689c6a27ee831a.jpg
ACH_CITY_SPY,From the Shadows,"As the Spy, shadow a character in order to encounter another.",https://steamcdn-a.akamaihd.net/steamcommunity/public/images/apps/247000/7e636bc7e4404950737f6404ea18e3460ee6a3a5.jpg
ACH_CITY_BOUNTY_HUNTER,High Profile Prisoner,"As the Bounty Hunter, gain 6 gold from a character bounty.",https://steamcdn-a.akamaihd.net/steamcommunity/public/images/apps/247000/3e373896ffd5ab22047072c3d932ae939c10ad13.jpg
ACH_CATA_LANDS_OF_WONDER,Wonderful Wares,"Using the Lands of Wonder ending, make two successful rolls in one turn.",https://steamcdn-a.akamaihd.net/steamcommunity/public/images/apps/247000/d34440925bc9088d4e83257bc338b5ebbbe9b69f.jpg
ACH_WLAND_LEYWALKER,Playing with Portals,"As the Leywalker, travel by Portal tokens on 3 consecutive turns.",https://steamcdn-a.akamaihd.net/steamcommunity/public/images/apps/247000/a008823a733771024f2a6b213de042fc4af115a4.jpg
ACH_DEEP_TRAP_DISARM,Never Too Prepared,Have both the Trapsmith and the Skeleton Key in your inventory.,https://steamcdn-a.akamaihd.net/steamcommunity/public/images/apps/247000/92968b1c4667784b13f0244f98d5d99df42f3fe4.jpg
ACH_DEEP_JINX_TURNCOAT,Duplicitous Defector,Lose the Jinx to the Turncoat card.,https://steamcdn-a.akamaihd.net/steamcommunity/public/images/apps/247000/5e3b1d2e48473cb169944c92000517c89b73c24a.jpg
ACH_HARB_POSSESSED,Life Consuming,"As the Possessed, amass 10 lives.",https://steamcdn-a.akamaihd.net/steamcommunity/public/images/apps/247000/bf29659541061e200d680e7615e1a2d558245230.jpg
ACH_HARB_CELESTIAL,Divine Will,"As the Celestial, defeat an evil character in psychic combat and remove their fate.",https://steamcdn-a.akamaihd.net/steamcommunity/public/images/apps/247000/052b0e9f78a9ec76c3db951ddb08f4277985d379.jpg
ACH_DRAGON_DRAGON_RIDER,Silver Hand,"As the Dragon Rider with a captured Dragon, take the Dragon Eggs to the Warlock's Cave and trade them for a Talisman.",https://steamcdn-a.akamaihd.net/steamcommunity/public/images/apps/247000/bd3e13e680e4260870663d0a92f642590a006a4c.jpg
ACH_DRAGON_DRAGON_PRIESTESS,Cult Leader,"As the Dragon Priestess, have a cultist from each Dragon deck as followers at the same time.",https://steamcdn-a.akamaihd.net/steamcommunity/public/images/apps/247000/6d0a2daa100da6ed930e70ce2c7dfbec7fda5dc2.jpg
ACH_DRAGON_MINOTAUR,Home Sweet Home,"As the Minotaur, successfully navigate the Maze.",https://steamcdn-a.akamaihd.net/steamcommunity/public/images/apps/247000/c5e16be3f26bb7b278f03755c1b09d40593d0993.jpg
ACH_PACK_WITCH_DOCTOR,Friends on the Other Side,"As the Witch Doctor, successfully curse another Witch Doctor.",https://steamcdn-a.akamaihd.net/steamcommunity/public/images/apps/247000/5a3780115890c6ffdafa2c5d68d79b3217756772.jpg
ACH_PACK_GOBLIN_SHAMAN,Goodnight Mr Goblin,"As the Goblin Shaman, use a spellbound Goblin to prevent the loss of a life.",https://steamcdn-a.akamaihd.net/steamcommunity/public/images/apps/247000/3b0464712945b76ae79e1e41767015110c78f692.jpg
ACH_FLANDS_NOMAD,The World Is My Backyard,"As the Nomad, encounter the same space as last turn after a Terrain card has been placed on it.",https://steamcdn-a.akamaihd.net/steamcommunity/public/images/apps/247000/b552634f8a586e4185dbaec1241eb8364bbe04fd.jpg
ACH_BMOON_STAKE_VAMPIRE,Laid to Rest,Use the Wooden Stake against the Vampire Prince.,https://steamcdn-a.akamaihd.net/steamcommunity/public/images/apps/247000/03e7da3a6aaf4fc13846cfe8d8fd904a9c272c2a.jpg
ACH_BMOON_LIGHTBEARERS_WEREWOLF,Daywalker,Win the game as a lycanthrope with the Lightbearers ending.,https://steamcdn-a.akamaihd.net/steamcommunity/public/images/apps/247000/942d74bbaa13f3516f1557de89805b4dfa7e2d3a.jpg
ACH_SPOOL_VINDICATION_MISFORTUNE,Vicious Plays,Use Misfortune on a player rolling for Vindication.,https://steamcdn-a.akamaihd.net/steamcommunity/public/images/apps/247000/6778c2fbb98c973c0fcc7ca7cd1d2207061dce64.jpg
ACH_SPOOL_SHOW_OFF,Show Off,Win the game with the Sacred Pool ending with 8 Quest Rewards.,https://steamcdn-a.akamaihd.net/steamcommunity/public/images/apps/247000/d2a5fd01e17ff3078393d03db761415c3fb189e8.jpg
ACH_SPOOL_DREAD_KNIGHT,Dark Betrayal,"As the Dread Knight, defeat the Fel Steed.",https://steamcdn-a.akamaihd.net/steamcommunity/public/images/apps/247000/226c8143a882aac40a8853d98bcd0018a5760f14.jpg
ACH_CITY_POTENT_POTABLES,Potent Potables,Drink five potions in the same turn.,https://steamcdn-a.akamaihd.net/steamcommunity/public/images/apps/247000/7fdc8ec958b5cd1e397d5f2effb0577d58e0c962.jpg
ACH_BEAST_HUNTERS,Conquest through Cooperation,Share victory with your companions when using the Awakening ending.,https://steamcdn-a.akamaihd.net/steamcommunity/public/images/apps/247000/a187bbb5acd4b47741fd984cf4df96d20243a2d9.jpg
ACH_BEAST_BEAST_HUNT,Master of the Hunt,Win the game using The Greatest Hunter ending,https://steamcdn-a.akamaihd.net/steamcommunity/public/images/apps/247000/9dfce05d4e9787b493ebf2d3230adc97ab570d6c.jpg
ACH_BEAST_TROPHY_HUNTER,True Grit,"As the Trophy Hunter, take down one of the Ancient Beasts.",https://steamcdn-a.akamaihd.net/steamcommunity/public/images/apps/247000/5c15441c4002be2e5024b4a0b7f1783bf30e007b.jpg
ACH_BEAST_SPECIALIST,Type Advantage,"As the Specialist, complete all of your Catalogue tokens.",https://steamcdn-a.akamaihd.net/steamcommunity/public/images/apps/247000/f43fe5550504ca58f10b5204600861fb92762d99.jpg
ACH_CATA_SCAVENGER,Rescued Rusty Blade,"As the Scavenger, use your scavenging ability to take the Cataclysm Blade.",https://steamcdn-a.akamaihd.net/steamcommunity/public/images/apps/247000/c613ae499a31d851205bfb5cc820d56b72e5000f.jpg
ACH_CATA_BLACK_KNIGHT,Blighted Blade of the Old World,"As the Black Knight, encounter the Black Knight at the Castle and force another character to lose a life.",https://steamcdn-a.akamaihd.net/steamcommunity/public/images/apps/247000/f78a25205ae4288a0bb2ff3ffdbef9aedb94add3.jpg
ACH_CATA_ARCANE_SCION,Spell Siphoner,"As the Arcane Scion, gain 5 Spells as a result of other characters gaining Craft in one game.",https://steamcdn-a.akamaihd.net/steamcommunity/public/images/apps/247000/c881fe05f63d5d14db29f662a89bc3fa04f559bd.jpg
ACH_CATA_CULT_OF_DAMNED,Corralling the Cultists,"Using the Cult of the Damned ending, successfully defeat the Denizen horde.",https://steamcdn-a.akamaihd.net/steamcommunity/public/images/apps/247000/af4dce07f0845c24044b01c0a9de1218550a14a8.jpg
ACH_CATA_ONE_TALISMAN,Pass the Parcel,"Using the One Talisman ending, have the One Talisman change hands over 10 times in one game.",https://steamcdn-a.akamaihd.net/steamcommunity/public/images/apps/247000/be414f1e27d0bf9f68bf03f30cef2afcbc7c58de.jpg
ACH_WLAND_TOTEM_WARRIOR,Totem Mastery,"As the Totem Warrior, take a Totem Spirit token from a Totem Bear.",https://steamcdn-a.akamaihd.net/steamcommunity/public/images/apps/247000/abaccd711a2fe77d4914ad650b0329915f87482d.jpg
ACH_WLAND_SPIDER_QUEEN,Creepy Crawlies,As the Spider Queen have all of your Spider tokens Crawler side up.,https://steamcdn-a.akamaihd.net/steamcommunity/public/images/apps/247000/067dc354fa858892b42deb34fab86334cd74409c.jpg
ACH_WLAND_SCOUT,Plan of Escape,"As the Scout, have all your Hidden Path tokens on Place cards.",https://steamcdn-a.akamaihd.net/steamcommunity/public/images/apps/247000/b152dc27718a6e557fe27a89f4fbcbe6e3da1dfa.jpg
ACH_WLAND_WANDERLUST,Sightseer,"Visit every region and win the game with the Wanderlust ending in play having collected at least one Destiny, Relic and Treasure Card.",https://steamcdn-a.akamaihd.net/steamcommunity/public/images/apps/247000/d09e96fd2d899179ee00f786e56c10cec748ae0d.jpg
ACH_WLAND_JUDGED_BY_FATE,Win by attrition,"With the Judged by Fate ending in play, be the last character still alive with no fate remaining.",https://steamcdn-a.akamaihd.net/steamcommunity/public/images/apps/247000/20cbcbd23aa08a7ca4a9e80888072f53cba5f071.jpg
ACH_PACK_WOODSMAN,Fairy Tale Hero,"As the Woodsman, defeat a Wolf in the Woods.",https://steamcdn-a.akamaihd.net/steamcommunity/public/images/apps/247000/feb67300cfa55072df1e9cc0ecfc4ea568106a34.jpg
ACH_PACK_SAMURAI,Ninja Terminator,"As the Samurai, defeat a Ninja in combat and take their Golden Statue.",https://steamcdn-a.akamaihd.net/steamcommunity/public/images/apps/247000/018874c68e76ed2ff30a8b5e0b7ea65ac9b668fe.jpg
ACH_HARB_ARMAGEDDON_CROWN,I win twice ... right?,"When playing with the Armageddon Crown, finish the game on the Crown of Command whilst holding the Apocrypha.",https://steamcdn-a.akamaihd.net/steamcommunity/public/images/apps/247000/d80ee697f346192b535331613db54022abd9cb3b.jpg
ACH_HARB_END_OF_DAYS,Clean Sweep,"With the End of Days ending in play, win the game without any Heralds or Horsemen on the board.",https://steamcdn-a.akamaihd.net/steamcommunity/public/images/apps/247000/0d408ac6fa4d2b0b6928cc94763f75022562fcb3.jpg
ACH_DRAGON_SLEEP_SLUMBERING_DRAGON,Go Back to Sleep,Use the Dream Singer to place a Sleep Token on the Slumbering Dragon.,https://steamcdn-a.akamaihd.net/steamcommunity/public/images/apps/247000/a58d8ae66999b37801c0bba70cd50604a7dac60c.jpg
ACH_DRAGON_TWO_HEADS_TWO_WEAPONS,Double Dragon Duel,Defeat two Dragons with two Holy Lances at the same time.,https://steamcdn-a.akamaihd.net/steamcommunity/public/images/apps/247000/30b4d3220e8337892b7c7556172596305be26778.jpg
ACH_DRAGON_DOMAIN_OF_DRAGONS,The Lofty Languishing Lord,"When playing with the Domain of Dragons ending, defeat the Exalted Dragon on the Dragon Tower.",https://steamcdn-a.akamaihd.net/steamcommunity/public/images/apps/247000/7cef9045b33a0ecaeeebd6d4af54aab5f2793be6.jpg
ACH_DRAGON_DRAGON_HUNTER,Bountiful Hunt,"As the Dragon Hunter, trade in a trophy from each Dragon deck at the same time.",https://steamcdn-a.akamaihd.net/steamcommunity/public/images/apps/247000/d492c5b43216db8afb0c90da1bcd836f982f8318.jpg
ACH_SPOOL_FREE_RIDE,Free Ride,Use the Spiteful Imp to teleport to the Crown of Command.,https://steamcdn-a.akamaihd.net/steamcommunity/public/images/apps/247000/59ae220e3b627b8aff3fd05475ac0090fbebde6d.jpg
ACH_CLOCK_DOG_BONE,Sic and Destroy,Have the Clockwork Dog aid you in battle.,https://steamcdn-a.akamaihd.net/steamcommunity/public/images/apps/247000/78daabe84f5fac9edf1ddfa047fa3d6ddca2528b.jpg
ACH_CLOCK_ENGINEER,Regular Maintenance,"As the Engineer, use your skills to enhance 5 Inventions in a single game.",https://steamcdn-a.akamaihd.net/steamcommunity/public/images/apps/247000/e48b3daa4a2766edcd8474551989457b476fdbfe.jpg
ACH_CLOCK_CONMAN,Con Heir,"As the Swindler, use your cunning to swindle the Thief.",https://steamcdn-a.akamaihd.net/steamcommunity/public/images/apps/247000/ca8ef2eb2e869d8fda89f4f80bfa1ef61b2f605f.jpg
ACH_CLOCK_ARTIFICER,Curse Converters,"As the Artificer, absorb the powers of a Cursed Object.",https://steamcdn-a.akamaihd.net/steamcommunity/public/images/apps/247000/497f1a5888d67334a93ddeb5a1ddee8192ce9107.jpg
ACH_CLOCK_ERA_OF_INVENTION,Clockwork Capitalist,Defeat your competition whilst using the Era of Invention ending.,https://steamcdn-a.akamaihd.net/steamcommunity/public/images/apps/247000/ca98bed959c58f488372d01cad67336f223663b9.jpg
ACH_CLOCK_RUNIC_REVOLUTION,Demolition Expert,Win the game by defeating the most Constructs whilst using the Runic Revolution ending.,https://steamcdn-a.akamaihd.net/steamcommunity/public/images/apps/247000/7e827be9201496213a30d52abe616ebf178f82c8.jpg
ACH_PACK_PATHFINDER,Travelling Companions,"As the Pathfinder, locate the barbarian and the ranger in one game.",https://steamcdn-a.akamaihd.net/steamcommunity/public/images/apps/247000/7cf73c9e59b2c35ac2b88890b889650f23be0d73.jpg
ACH_BEAST_GLAIVE,Way of the Dragon,Win the game by collecting soul fragments with the Glaive of Kallind.,https://steamcdn-a.akamaihd.net/steamcommunity/public/images/apps/247000/e22cc0b6899bee2636e4eb6f2c380393d7d67854.jpg
ACH_SPIRIT_THE_WHITE_CROWN,Remembrance,Deliver the Fallen Talisman to the King of the Dead during the White Crown ending.,https://steamcdn-a.akamaihd.net/steamcommunity/public/images/apps/247000/e764a3ed686c1ac75b37486473d348e57cb891e2.jpg
ACH_SPIRIT_NIGHT_OF_THE_DANCING_SKULLS,Cull the Competition,In the Night of the Dancing Skulls ending kill another player as a result of combat as a Ghost.,https://steamcdn-a.akamaihd.net/steamcommunity/public/images/apps/247000/fb17e619241fa1503ab91342ae8060130da71122.jpg
ACH_SPIRIT_SPECTRE_COLLECTOR,Spectre Collector Spectre,"As the Spectre Collector, collect the Spectre.",https://steamcdn-a.akamaihd.net/steamcommunity/public/images/apps/247000/cbc744036d76d13e75a17a9ff5acafb275da448f.jpg
ACH_SPIRIT_ARCHON,Archonic,"As the Archon, kill 3 characters at once using your overload ability.",https://steamcdn-a.akamaihd.net/steamcommunity/public/images/apps/247000/4dfbfffc7fa7e60d91eb3ed93895f2b702647647.jpg
ACH_SPIRIT_CLAIRVOYANT,Competitive Claire,"As the Clairvoyant, move the Medium to the bottom of the deck.",https://steamcdn-a.akamaihd.net/steamcommunity/public/images/apps/247000/498cf9fc1ee4fa4daca9b2de58a267c0b4224948.jpg
